protein_id,start_pos,ic50
p1,1,5529.25
p1,2,5470.09
p1,3,5434.12
p1,4,5462.52
p1,5,5461.04
p1,6,5487.98
p1,7,5456.33
p1,8,5437.67
p1,9,5415.25
p1,10,5487.73
p1,11,5424.1
p1,12,5425.14
p1,13,5529.38
p1,14,5435.07
p1,15,5424.6
p1,16,5466.12
p1,17,5465.22
p1,18,5435.91
p1,19,5442.73
p1,20,5435.76
p1,21,5444.88
p1,22,5454.09
p1,23,5441.63
p1,24,5466.94
p1,25,5468.01
p1,26,5440.61
p1,27,5424.44
p1,28,5460.35
p1,29,5458.56
p1,30,5485.15
p1,31,5454
p1,32,5434.65
p1,33,5450.21
p1,34,5445.63
p1,35,5435.6
p2,1,5454.52
p2,2,5474.3
p2,3,5438.48
p2,4,5452.8
p2,5,5496.55
p2,6,5454.98
p2,7,5460.97
p2,8,5437.73
p2,9,5456.47
p2,10,5469.57
p2,11,5464.62
p2,12,5459.81
p2,13,5456.88
p2,14,5457.14
p2,15,5452.4
p2,16,5457.44
p2,17,5462.08
p2,18,5439.05
p2,19,5439.32
p2,20,5487.53
p2,21,5466.55
p2,22,5447.36
p2,23,5461.65
p2,24,5487.46
p2,25,5427.12
p2,26,5459.13
p2,27,5448.54
p2,28,5463.43
p2,29,5471.91
p2,30,5465.82
p2,31,5441.1
p2,32,5458.68
p2,33,5445.32
p2,34,5360.45
p2,35,5457.62
p2,36,5444.19
p2,37,5439.75
p2,38,5434.2
p2,39,5443
p2,40,5449.39
p2,41,5448.44
p2,42,5439.51
p2,43,5436.53
p2,44,5462.43
p2,45,5452.86
p2,46,5449.08
p2,47,5432.67
p2,48,5450.72
p2,49,5449.2
p2,50,5450.41
p2,51,5453.59
p2,52,5424.31
p2,53,5437.17
p2,54,5463.14
p2,55,5432.57
p2,56,5441.96
p2,57,5458.82
p2,58,5457.51
p2,59,5448.24
p2,60,5424.49
p2,61,5431.08
p2,62,5442.56
p2,63,5460.99
p2,64,5463.43
p2,65,5430.9
p2,66,5242.87
p2,67,5470.71
p3,1,5470.58
p3,2,5448.25
p3,3,5449.57
p3,4,5438.91
p3,5,5448.52
p3,6,5485.31
p3,7,5451.61
p3,8,5476.66
p3,9,5411.5
p3,10,5444.58
p3,11,5431.5
p3,12,5444.11
p3,13,5444.3
p3,14,5437.84
p3,15,5498.83
p3,16,5497.92
p3,17,5461.71
p3,18,5449.71
p3,19,5427.99
p3,20,5422.93
p3,21,5453.89
p3,22,5471.63
p3,23,5458.74
p3,24,5429.44
p3,25,5457.08
p3,26,5464.2
p3,27,5445.4
p3,28,5427.91
p3,29,5445.22
p3,30,5444.54
p3,31,5456.56
p3,32,5439.3
p3,33,5443.64
p3,34,5464.14
p3,35,5450.09
p3,36,5436.34
p3,37,5448.35
p3,38,5437.9
p3,39,5126.71
p3,40,5437.29
p3,41,5431.45
p3,42,5443.19
p3,43,5425.2
p3,44,5430.33
p3,45,5433.95
p3,46,5414.62
p3,47,5505.55
p3,48,5431.6
p3,49,5427.58
p3,50,5480.04
p3,51,5520.95
p3,52,5458.98
p3,53,5449.67
p3,54,5434.66
p3,55,5519.32
p3,56,5534.4
p3,57,5452.36
p3,58,5444.79
p3,59,5449.34
p3,60,5479.82
p3,61,5458.53
p3,62,5456.22
p3,63,5465.84
p3,64,5426.6
p3,65,5460.02
p3,66,5457.01
p3,67,5471.39
p3,68,5454.72
p3,69,5452.82
p3,70,5441.16
p3,71,5447.29
p3,72,5450.22
p3,73,5453.93
p3,74,5431.13
p3,75,5458.26
p3,76,5451.41
p3,77,5445.75
p3,78,5452.29
p3,79,5442.07
p3,80,5453.68
p3,81,5451.65
p3,82,5445
p3,83,5474.69
p3,84,5451.14
p3,85,5439.94
p3,86,5435.06
p3,87,5393.76
p3,88,5444.31
p3,89,5484.65
p3,90,5482.55
p3,91,5435.59
p3,92,5431.02
p3,93,5469.55
p3,94,5418.45
p3,95,5440.8
p3,96,5534.29
p3,97,5462.52
p3,98,5439.56
p3,99,5421.97
p3,100,5427.55
p3,101,5466.29
p3,102,5445.7
p3,103,5438.1
p3,104,5450.78
p3,105,5462.84
p3,106,5467.2
p3,107,5461.11
p3,108,5449.61
p3,109,5443.86
p3,110,5469.66
p3,111,5441.85
p3,112,5448.87
p3,113,5482.63
p3,114,5461.96
p3,115,5491.67
p3,116,5438.66
p3,117,5471.35
p3,118,5458.46
p3,119,5447.35
p3,120,5429.06
p3,121,5441.11
p3,122,5451.09
p3,123,5440.19
p3,124,5462.66
p3,125,5449.28
p3,126,5427.46
p3,127,5475.44
p3,128,5444.17
p3,129,5481.62
p3,130,5435.05
p3,131,5456.03
p3,132,5437.91
p3,133,5495.78
p3,134,5452.94
p3,135,5596.87
p3,136,5434.01
p3,137,5449.21
p3,138,5465.82
p3,139,5449.62
p3,140,5451.96
p3,141,5437.32
p3,142,5470.07
p3,143,5459.12
p3,144,5459.34
p3,145,5439.3
p3,146,5449.26
p3,147,5445.09
p3,148,5437.2
p3,149,5440.45
p3,150,5448.23
p3,151,5453.43
p3,152,5456.84
p3,153,5427.35
p3,154,5441
p3,155,5452.56
p3,156,5437.87
p3,157,5470.06
p3,158,5466.24
p3,159,5441.07
p3,160,5431.98
p3,161,5436.7
p3,162,5446.05
p3,163,5451.43
p3,164,5445.7
p3,165,5428.74
p3,166,5425.2
p3,167,5428.23
p3,168,5440.54
p3,169,5455.57
p3,170,5447.44
p3,171,3727.17
p3,172,5454.6
p3,173,5428.23
p3,174,5498.97
p3,175,5461.69
p3,176,5451.23
p3,177,5421.72
p3,178,5415.59
p3,179,5438.8
p3,180,5446.67
p3,181,5442.42
p3,182,5469.92
p3,183,5444
p3,184,5438.23
p3,185,5441.8
p3,186,5477.29
p3,187,5460.95
p3,188,818.19
p3,189,5410.98
p3,190,5446.72
p3,191,5442.56
p3,192,5423.88
p3,193,5445.04
p3,194,5444.48
p3,195,5451.66
p3,196,5486.96
p3,197,5428.37
p3,198,5432.75
p3,199,5457.12
p3,200,5439.95
p3,201,5444.09
p3,202,5440.5
p3,203,5420.1
p3,204,5453.33
p3,205,5444.39
p3,206,5414.26
p3,207,5392.73
p3,208,5446.79
p3,209,5424.03
p3,210,5462.85
p3,211,5455.06
p3,212,5463.32
p3,213,466.99
p3,214,5433.86
