protein_id,n_spots,n_spots_tmh
p1,446,0
p2,396,0
p3,242,132
p4,368,0
p5,351,0
p6,243,0
p7,399,0
p8,206,0
p9,179,0
p10,195,0
p11,167,21
p12,294,0
p13,397,0
p14,500,0
p15,192,0
p16,631,146
p17,541,0
p18,801,0
p19,253,0
p20,125,0
p21,131,99
p22,426,0
p23,332,24
p24,338,0
p25,204,0
p26,151,0
p27,308,0
p28,344,0
p29,601,0
p30,168,0
p31,512,0
p32,646,0
p33,341,0
p34,429,0
p35,281,0
p36,92,0
p37,236,0
p38,239,0
p39,295,0
p40,42,0
p41,218,0
p42,507,0
p43,297,0
p44,359,0
p45,385,0
p46,399,0
p47,392,0
p48,390,0
p49,162,0
p50,360,0
p51,744,0
p52,414,0
p53,146,27
p54,354,0
p55,177,0
p56,120,0
p57,232,0
p58,156,0
p59,542,0
p60,515,212
p61,379,0
p62,157,0
p63,508,0
p64,160,0
p65,398,262
p66,150,0
p67,336,0
p68,96,51
p69,125,0
p70,489,0
p71,255,0
p72,385,0
p73,585,341
p74,358,140
p75,244,0
p76,455,0
p77,212,0
p78,203,0
p79,906,0
p80,192,0
p81,424,0
p82,207,0
p83,46,0
p84,461,0
p85,823,0
p86,325,0
p87,269,0
p88,362,0
p89,593,0
p90,328,0
p91,414,0
p92,692,0
p93,119,0
p94,73,0
p95,62,0
p96,133,0
p97,67,0
p98,136,0
p99,136,0
p100,390,0
p101,105,0
p102,583,0
p103,558,0
p104,150,0
p105,153,0
p106,108,0
p107,876,0
p108,242,0
p109,332,41
p110,122,0
p111,159,0
p112,112,0
p113,148,0
p114,254,0
p115,114,78
p116,406,0
p117,247,0
p118,49,0
p119,713,0
p120,138,28
p121,262,0
p122,142,0
p123,193,0
p124,652,46
p125,189,117
p126,431,0
p127,115,0
p128,255,0
p129,645,0
p130,707,0
p131,90,20
p132,92,0
p133,260,0
p134,94,0
p135,405,0
p136,173,28
p137,594,0
p138,245,0
p139,92,0
p140,169,0
p141,301,0
p142,222,0
p143,579,0
p144,163,0
p145,225,0
p146,232,0
p147,253,0
p148,418,0
p149,351,0
p150,401,0
p151,383,0
p152,166,0
p153,80,0
p154,263,0
p155,275,0
p156,377,0
p157,647,0
p158,170,0
p159,368,0
p160,89,0
p161,306,0
p162,396,125
p163,171,0
p164,550,0
p165,180,0
p166,203,0
p167,339,0
p168,574,0
p169,465,73
p170,150,0
p171,323,0
p172,441,0
p173,160,0
p174,417,152
p175,91,78
p176,187,0
p177,506,0
p178,262,0
p179,345,0
p180,510,0
p181,670,0
p182,518,0
p183,130,0
p184,154,0
p185,956,305
p186,336,0
p187,493,0
p188,419,270
p189,866,212
p190,1868,18
p191,514,277
p192,427,139
p193,300,180
p194,79,0
p195,377,0
p196,579,0
p197,316,0
p198,179,0
p199,265,0
p200,336,0
p201,86,0
p202,191,0
p203,391,0
p204,2515,0
p205,168,0
p206,415,69
p207,466,0
p208,175,0
p209,153,28
p210,128,0
p211,487,0
p212,185,0
p213,336,0
p214,637,0
p215,531,60
p216,278,167
p217,85,0
p218,266,0
p219,124,0
p220,242,27
p221,299,0
p222,287,0
p223,383,0
p224,91,0
p225,201,126
p226,404,0
p227,548,85
p228,388,0
p229,383,0
p230,172,0
p231,339,0
p232,193,0
p233,88,0
p234,229,168
p235,91,0
p236,345,0
p237,373,0
p238,915,0
p239,302,0
p240,1451,0
p241,374,0
p242,682,0
p243,422,0
p244,83,0
p245,227,0
p246,143,0
p247,472,0
p248,240,0
p249,447,25
p250,503,0
p251,97,0
p252,949,0
p253,581,24
p254,344,0
p255,400,51
p256,232,89
p257,383,0
p258,435,0
p259,296,0
p260,81,0
p261,1086,39
p262,193,0
p263,134,0
p264,29,0
p265,280,0
p266,399,0
p267,117,0
p268,106,0
p269,423,85
p270,954,335
p271,286,0
p272,420,297
p273,151,0
p274,222,0
p275,451,0
p276,247,0
p277,414,0
p278,75,0
p279,213,0
p280,517,0
p281,507,0
p282,385,89
p283,377,0
p284,242,0
p285,266,0
p286,257,0
p287,367,0
p288,131,0
p289,181,0
p290,300,0
p291,378,0
p292,95,0
p293,397,0
p294,351,263
p295,742,0
p296,545,0
p297,471,0
p298,479,54
p299,385,0
p300,541,262
p301,1089,0
p302,233,0
p303,95,0
p304,46,0
p305,39,0
p306,151,0
p307,563,281
p308,464,0
p309,328,0
p310,190,0
p311,212,0
p312,104,0
p313,351,0
p314,278,0
p315,135,0
p316,409,221
p317,1893,0
p318,855,0
p319,300,28
p320,362,0
p321,758,0
p322,717,0
p323,331,0
p324,145,0
p325,378,0
p326,163,28
p327,128,0
p328,406,0
p329,162,0
p330,485,0
p331,508,349
p332,496,63
p333,1176,425
p334,296,0
p335,922,0
p336,742,0
p337,335,0
p338,1480,0
p339,372,0
p340,178,0
p341,124,0
p342,407,0
p343,349,0
p344,314,0
p345,287,0
p346,143,0
p347,335,0
p348,173,0
p349,212,0
p350,398,0
p351,307,0
p352,209,0
p353,625,396
p354,287,0
p355,323,0
p356,370,0
p357,160,0
p358,122,0
p359,200,0
p360,192,0
p361,232,0
p362,212,0
p363,410,0
p364,460,0
p365,136,0
p366,91,0
p367,331,0
p368,618,25
p369,468,26
p370,2180,0
p371,460,0
p372,216,0
p373,260,0
p374,359,0
p375,171,0
p376,202,0
p377,539,0
p378,85,0
p379,388,0
p380,271,0
p381,950,348
p382,295,0
p383,303,0
p384,345,0
p385,1608,0
p386,781,0
p387,394,0
p388,59,0
p389,606,0
p390,751,0
p391,486,0
p392,523,373
p393,328,0
p394,598,0
p395,63,0
p396,455,0
p397,199,0
p398,338,0
p399,195,0
p400,500,375
p401,645,0
p402,154,0
p403,269,0
p404,546,0
p405,454,0
p406,153,0
p407,896,0
p408,530,28
p409,394,0
p410,933,0
p411,276,0
p412,478,0
p413,2077,0
p414,185,0
p415,361,0
p416,120,78
p417,798,0
p418,214,0
p419,131,0
p420,423,25
p421,144,0
p422,613,0
p423,311,0
p424,730,0
p425,77,0
p426,363,0
p427,116,0
p428,368,0
p429,136,91
p430,226,0
p431,411,327
p432,199,0
p433,80,0
p434,183,0
p435,519,0
p436,171,0
p437,349,0
p438,194,0
p439,296,0
p440,93,0
p441,277,0
p442,424,0
p443,249,0
p444,122,0
p445,255,0
p446,56,0
p447,134,0
p448,80,0
p449,66,0
p450,72,0
p451,218,0
p452,520,0
p453,867,0
p454,97,0
p455,114,0
p456,86,0
p457,215,0
p458,49,0
p459,212,0
p460,1033,0
p461,76,0
p462,129,0
p463,79,0
p464,121,0
p465,123,0
p466,117,0
p467,527,185
p468,604,0
p469,103,0
p470,194,0
p471,443,0
p472,274,103
p473,194,0
p474,112,0
p475,303,0
p476,144,0
p477,290,0
p478,306,0
p479,265,0
p480,637,0
p481,424,321
p482,295,0
p483,86,0
p484,367,0
p485,679,387
p486,167,0
p487,304,0
p488,390,0
p489,265,0
p490,219,127
p491,294,0
p492,260,0
p493,452,0
p494,92,0
p495,107,0
p496,642,0
p497,154,0
p498,268,0
p499,253,0
p500,417,0
p501,388,0
p502,304,0
p503,108,0
p504,692,0
p505,352,0
p506,82,0
p507,95,0
p508,94,0
p509,125,0
p510,133,0
p511,135,0
p512,161,0
p513,130,0
p514,236,0
p515,90,0
p516,101,0
p517,322,0
p518,102,96
p519,153,0
p520,277,0
p521,549,0
p522,291,0
p523,401,277
p524,542,0
p525,293,0
p526,242,53
p527,91,0
p528,237,0
p529,263,0
p530,181,0
p531,126,53
p532,302,0
p533,372,0
p534,93,0
p535,253,180
p536,421,0
p537,135,0
p538,273,40
p539,266,0
p540,449,0
p541,226,0
p542,272,0
p543,299,28
p544,463,382
p545,406,0
p546,332,0
p547,349,0
p548,166,0
p549,75,0
p550,375,0
p551,287,0
p552,205,0
p553,196,0
p554,132,0
p555,368,0
p556,350,0
p557,403,0
p558,340,0
p559,104,0
p560,139,0
p561,136,0
p562,223,0
p563,103,0
p564,56,0
p565,72,0
p566,268,0
p567,291,0
p568,282,0
p569,43,0
p570,63,0
p571,128,0
p572,76,0
p573,352,0
p574,70,0
p575,224,0
p576,322,0
p577,433,332
p578,107,71
p579,1319,0
p580,411,56
p581,370,0
p582,102,0
p583,444,0
p584,263,51
p585,310,0
p586,317,138
p587,238,0
p588,56,0
p589,188,23
p590,68,0
p591,72,0
p592,200,0
p593,213,0
p594,125,0
p595,236,0
p596,194,0
p597,689,156
p598,669,28
p599,134,0
p600,251,0
p601,132,0
p602,247,0
p603,311,25
p604,64,0
p605,70,0
p606,79,37
p607,812,27
p608,770,0
p609,577,62
p610,528,0
p611,186,0
p612,455,0
p613,204,0
p614,122,0
p615,85,0
p616,224,23
p617,191,0
p618,253,0
p619,572,0
p620,464,0
p621,550,0
p622,483,0
p623,112,0
p624,471,0
p625,235,0
p626,289,0
p627,293,168
p628,209,0
p629,210,0
p630,315,0
p631,295,0
p632,333,0
p633,122,0
p634,396,292
p635,131,0
p636,106,0
p637,135,0
p638,210,135
p639,460,0
p640,449,0
p641,535,0
p642,558,22
p643,513,0
p644,423,269
p645,398,0
p646,131,0
p647,309,0
p648,240,0
p649,179,0
p650,415,0
p651,466,45
p652,289,0
p653,365,0
p654,155,0
p655,291,0
p656,190,0
p657,478,0
p658,356,0
p659,149,0
p660,242,0
p661,757,0
p662,128,0
p663,152,0
p664,1003,0
p665,618,24
p666,95,0
p667,734,0
p668,250,0
p669,572,0
p670,219,0
p671,729,0
p672,175,0
p673,251,181
p674,97,0
p675,69,0
p676,251,0
p677,341,0
p678,465,0
p679,338,0
p680,283,0
p681,578,0
p682,114,0
p683,207,0
p684,57,0
p685,188,0
p686,565,162
p687,199,0
p688,199,0
p689,515,0
p690,250,0
p691,272,22
p692,472,0
p693,170,0
p694,272,0
p695,232,0
p696,164,0
p697,177,0
p698,148,0
p699,75,21
p700,260,0
p701,174,0
p702,440,0
p703,505,194
p704,302,0
p705,256,0
p706,1308,0
p707,116,0
p708,76,0
p709,473,0
p710,154,0
p711,509,0
p712,287,0
p713,233,0
p714,567,0
p715,195,0
p716,594,0
p717,385,179
p718,92,0
p719,189,0
p720,47,0
p721,1170,0
p722,204,0
p723,401,0
p724,416,0
p725,519,0
p726,325,0
p727,455,70
p728,1530,0
p729,385,0
p730,782,0
p731,166,0
p732,152,0
p733,168,0
p734,138,0
p735,139,0
p736,547,0
p737,53,0
p738,152,0
p739,253,0
p740,671,0
p741,94,0
p742,465,0
p743,308,0
p744,318,0
p745,490,0
p746,576,0
p747,2100,0
p748,78,0
p749,168,0
p750,93,0
p751,102,0
p752,246,0
p753,520,0
p754,482,0
p755,460,0
p756,311,0
p757,257,0
p758,647,0
p759,78,0
p760,81,0
p761,1197,0
p762,380,52
p763,411,0
p764,300,168
p765,330,0
p766,418,0
p767,336,0
p768,389,0
p769,379,0
p770,636,0
p771,442,0
p772,133,0
p773,545,382
p774,432,0
p775,391,28
p776,656,23
p777,367,0
p778,307,73
p779,357,84
p780,610,0
p781,438,59
p782,362,0
p783,327,0
p784,303,0
p785,253,0
p786,236,0
p787,312,0
p788,513,0
p789,236,154
p790,92,0
p791,559,56
p792,216,0
p793,671,28
p794,301,0
p795,94,0
p796,366,0
p797,56,0
p798,95,0
p799,545,0
p800,575,0
p801,368,0
p802,222,0
p803,174,0
p804,211,25
p805,138,0
p806,318,0
p807,380,0
p808,256,177
p809,75,0
p810,159,0
p811,607,0
p812,387,312
p813,208,0
p814,218,0
p815,540,0
p816,311,0
p817,1045,0
p818,405,0
p819,857,161
p820,643,0
p821,379,0
p822,508,0
p823,429,0
p824,94,0
p825,73,0
p826,175,0
p827,139,0
p828,527,0
p829,309,0
p830,305,0
p831,197,0
p832,209,120
p833,313,0
p834,1819,0
p835,485,0
p836,160,0
p837,218,0
p838,295,0
p839,395,0
p840,280,0
p841,321,0
p842,733,0
p843,117,0
p844,306,0
p845,540,338
p846,105,0
p847,960,360
p848,99,94
p849,370,0
p850,291,0
p851,45,0
p852,402,244
p853,437,0
p854,273,0
p855,214,0
p856,324,0
p857,415,0
p858,224,0
p859,310,0
p860,499,0
p861,276,0
p862,140,0
p863,517,0
p864,191,0
p865,74,0
p866,101,0
p867,306,0
p868,402,0
p869,520,25
p870,383,73
p871,86,0
p872,359,0
p873,177,0
p874,167,0
p875,421,0
p876,413,0
p877,284,180
p878,716,0
p879,279,0
p880,1081,320
p881,371,0
p882,160,0
p883,256,0
p884,90,0
p885,1102,0
p886,386,85
p887,607,48
p888,225,0
p889,421,0
p890,354,0
p891,1086,372
p892,99,0
p893,90,0
p894,576,52
p895,273,0
p896,629,0
p897,1138,323
p898,1226,0
p899,352,0
p900,228,0
p901,176,0
p902,583,0
p903,595,0
p904,483,0
p905,309,0
p906,252,0
p907,329,0
p908,308,0
p909,317,0
p910,510,391
p911,199,0
p912,698,0
p913,167,0
p914,96,0
p915,488,0
p916,2118,0
p917,249,0
p918,498,28
p919,487,27
p920,1322,28
p921,125,0
p922,175,0
p923,823,134
p924,222,0
p925,800,0
p926,298,0
p927,385,0
p928,118,52
p929,360,0
p930,567,0
p931,492,0
p932,132,0
p933,193,0
p934,362,0
p935,277,0
p936,359,0
p937,577,25
p938,230,0
p939,372,0
p940,222,0
p941,460,205
p942,216,0
p943,194,104
p944,368,0
p945,110,0
p946,496,0
p947,157,0
p948,492,0
p949,420,0
p950,85,0
p951,315,0
p952,391,0
p953,148,27
p954,133,0
p955,193,0
p956,244,0
p957,139,27
p958,252,0
p959,751,0
p960,557,0
p961,389,144
p962,644,179
p963,438,23
p964,542,24
p965,112,0
p966,146,0
p967,425,258
p968,454,0
p969,840,0
p970,468,40
p971,278,104
p972,471,0
p973,521,0
p974,223,0
p975,253,0
p976,303,0
p977,49,0
p978,285,0
p979,958,338
p980,142,0
p981,619,279
p982,126,0
p983,248,0
p984,117,0
p985,180,0
p986,283,0
p987,460,0
p988,97,0
p989,98,0
p990,293,0
p991,220,0
p992,136,0
p993,223,0
p994,241,171
p995,840,0
p996,390,0
p997,430,0
p998,392,0
p999,378,0
p1000,400,0
p1001,423,0
p1002,69,0
p1003,912,327
p1004,134,0
p1005,203,0
p1006,229,0
p1007,221,0
p1008,852,117
p1009,1223,0
p1010,645,0
p1011,376,0
p1012,228,0
p1013,179,0
p1014,1224,0
p1015,112,0
p1016,304,0
p1017,139,0
p1018,198,0
p1019,193,0
p1020,380,0
p1021,202,0
p1022,76,0
p1023,137,25
p1024,134,0
p1025,503,287
p1026,623,0
p1027,247,0
p1028,86,0
p1029,1519,0
p1030,68,0
p1031,218,0
p1032,194,0
p1033,119,54
p1034,63,0
p1035,306,0
p1036,364,0
p1037,299,0
p1038,555,0
p1039,316,0
p1040,354,0
p1041,417,0
p1042,420,0
p1043,318,0
p1044,263,0
p1045,243,0
p1046,1164,160
p1047,485,0
p1048,280,0
p1049,97,0
p1050,243,0
p1051,190,0
p1052,994,303
p1053,220,0
p1054,488,0
p1055,147,28
p1056,466,0
p1057,227,0
p1058,141,0
p1059,701,201
p1060,465,0
p1061,246,107
p1062,406,0
p1063,540,29
p1064,447,0
p1065,291,25
p1066,384,0
p1067,323,0
p1068,421,0
p1069,360,0
p1070,262,0
p1071,552,0
p1072,265,0
p1073,228,0
p1074,167,0
p1075,398,0
p1076,400,0
p1077,959,326
p1078,395,0
p1079,1184,0
p1080,361,0
p1081,143,59
p1082,169,0
p1083,165,0
p1084,502,0
p1085,173,0
p1086,497,0
p1087,456,0
p1088,394,0
p1089,472,26
p1090,313,0
p1091,89,0
p1092,721,0
p1093,323,0
p1094,266,0
p1095,236,0
p1096,289,0
p1097,1186,288
p1098,226,0
p1099,258,0
p1100,936,348
p1101,174,0
p1102,441,0
p1103,294,0
p1104,301,0
p1105,261,0
p1106,65,0
p1107,181,0
p1108,1406,0
p1109,74,0
p1110,68,0
p1111,383,0
p1112,1392,368
p1113,317,0
p1114,519,0
p1115,440,0
p1116,168,0
p1117,851,171
p1118,101,0
p1119,537,0
p1120,132,23
p1121,157,0
p1122,97,0
p1123,235,0
p1124,87,0
p1125,550,0
p1126,328,0
p1127,479,0
p1128,101,0
p1129,196,0
p1130,732,0
p1131,122,0
p1132,191,155
p1133,189,0
p1134,306,0
p1135,107,0
p1136,338,0
p1137,486,0
p1138,713,0
p1139,509,0
p1140,211,0
p1141,544,0
p1142,359,0
p1143,350,0
p1144,443,0
p1145,178,0
p1146,106,0
p1147,54,0
p1148,462,74
p1149,469,313
p1150,279,0
p1151,153,0
p1152,85,50
p1153,193,0
p1154,107,0
p1155,350,0
p1156,219,26
p1157,194,0
p1158,252,0
p1159,365,0
p1160,441,0
p1161,151,0
p1162,254,0
p1163,763,0
p1164,330,0
p1165,223,0
p1166,396,0
p1167,321,0
p1168,358,0
p1169,516,278
p1170,371,0
p1171,639,0
p1172,892,0
p1173,632,43
p1174,571,166
p1175,246,0
p1176,1228,51
p1177,529,40
p1178,388,0
p1179,292,0
p1180,424,0
p1181,87,0
p1182,275,0
p1183,229,163
p1184,461,310
p1185,501,0
p1186,406,0
p1187,470,0
p1188,272,0
p1189,179,0
p1190,627,0
p1191,179,0
p1192,220,0
p1193,113,106
p1194,76,0
p1195,150,0
p1196,448,0
p1197,577,0
p1198,460,0
p1199,367,0
p1200,507,0
p1201,286,26
p1202,194,0
p1203,104,0
p1204,182,0
p1205,438,0
p1206,289,128
p1207,567,0
p1208,85,0
p1209,401,0
p1210,442,0
p1211,294,214
p1212,381,0
p1213,464,291
p1214,277,0
p1215,95,0
p1216,623,114
p1217,414,25
p1218,331,0
p1219,439,0
p1220,206,0
p1221,88,0
p1222,86,0
p1223,90,0
p1224,394,36
p1225,629,30
p1226,452,0
p1227,575,27
p1228,310,0
p1229,848,0
p1230,91,0
p1231,306,0
p1232,506,0
p1233,292,0
p1234,501,297
p1235,351,0
p1236,487,0
p1237,93,0
p1238,135,0
p1239,154,0
p1240,253,0
p1241,236,0
p1242,524,0
p1243,565,337
p1244,180,0
p1245,99,0
p1246,386,0
p1247,378,0
p1248,703,0
p1249,532,0
p1250,259,0
p1251,321,0
p1252,282,0
p1253,610,0
p1254,228,0
p1255,294,0
p1256,281,168
p1257,522,392
p1258,95,0
p1259,294,0
p1260,141,0
p1261,175,0
p1262,495,23
p1263,291,0
p1264,106,0
p1265,118,80
p1266,333,0
p1267,512,0
p1268,388,30
p1269,215,0
p1270,420,0
p1271,454,0
p1272,898,0
p1273,1383,54
p1274,141,0
p1275,82,0
p1276,239,0
p1277,281,0
p1278,117,83
p1279,752,56
p1280,296,0
p1281,830,0
p1282,93,0
p1283,433,0
p1284,182,0
p1285,237,0
p1286,440,0
p1287,326,0
p1288,334,64
p1289,318,0
p1290,935,0
p1291,499,0
p1292,390,0
p1293,73,56
p1294,265,0
p1295,104,0
p1296,209,0
p1297,710,178
p1298,281,0
p1299,693,0
p1300,334,0
p1301,986,0
p1302,188,0
p1303,667,0
p1304,555,0
p1305,575,0
p1306,570,0
p1307,532,0
p1308,293,0
p1309,306,0
p1310,156,0
p1311,57,0
p1312,357,0
p1313,381,0
p1314,306,29
p1315,430,0
p1316,480,0
p1317,750,442
p1318,365,0
p1319,338,0
p1320,454,55
p1321,111,0
p1322,438,0
p1323,241,0
p1324,260,0
p1325,219,0
p1326,86,0
p1327,176,0
p1328,510,0
p1329,441,0
p1330,723,0
p1331,616,0
p1332,413,0
p1333,866,0
p1334,433,0
p1335,683,0
p1336,86,0
p1337,611,0
p1338,658,0
p1339,272,0
p1340,124,0
p1341,563,0
p1342,352,0
p1343,206,0
p1344,239,0
p1345,458,0
p1346,371,0
p1347,187,0
p1348,398,46
p1349,565,0
p1350,92,0
p1351,97,0
p1352,90,0
p1353,88,0
p1354,449,0
p1355,166,0
p1356,111,0
p1357,493,0
p1358,350,0
p1359,1090,0
p1360,381,0
p1361,739,79
p1362,495,289
p1363,448,0
p1364,592,0
p1365,327,0
p1366,154,0
p1367,345,0
p1368,295,101
p1369,380,0
p1370,465,0
p1371,488,0
p1372,187,0
p1373,216,0
p1374,265,0
p1375,387,0
p1376,363,0
p1377,630,0
p1378,246,0
p1379,577,0
p1380,572,0
p1381,439,0
p1382,237,0
p1383,499,0
p1384,565,0
p1385,268,172
p1386,1176,0
p1387,383,0
p1388,292,102
p1389,268,0
p1390,462,53
p1391,611,0
p1392,1086,387
p1393,263,0
p1394,409,0
p1395,419,0
p1396,407,0
p1397,209,0
p1398,146,0
p1399,323,0
p1400,532,375
p1401,382,0
p1402,417,0
p1403,693,0
p1404,77,0
p1405,408,0
p1406,355,44
p1407,367,0
p1408,328,29
p1409,254,0
p1410,292,0
p1411,584,32
p1412,299,0
p1413,166,0
p1414,306,0
p1415,253,0
p1416,410,28
p1417,263,0
p1418,961,0
p1419,264,0
p1420,711,0
p1421,122,0
p1422,511,0
p1423,332,0
p1424,65,0
p1425,84,0
p1426,77,0
p1427,67,0
p1428,76,0
p1429,559,176
p1430,281,26
p1431,296,0
p1432,536,0
p1433,571,377
p1434,242,0
p1435,278,0
p1436,85,0
p1437,292,0
p1438,237,0
p1439,112,0
p1440,102,0
p1441,336,0
p1442,214,0
p1443,120,0
p1444,187,0
p1445,527,0
p1446,447,286
p1447,202,151
p1448,87,0
p1449,232,158
p1450,165,0
p1451,76,0
p1452,188,0
p1453,144,111
p1454,673,0
p1455,110,0
p1456,158,0
p1457,333,0
p1458,241,22
p1459,274,159
p1460,215,0
p1461,81,0
p1462,214,0
p1463,303,0
p1464,300,0
p1465,333,0
p1466,359,0
p1467,95,0
p1468,1074,104
p1469,389,113
p1470,310,0
p1471,166,0
p1472,343,0
p1473,453,0
p1474,602,0
p1475,179,0
p1476,89,0
p1477,494,0
p1478,244,172
p1479,58,0
p1480,377,0
p1481,301,0
p1482,687,180
p1483,380,0
p1484,292,0
p1485,90,0
p1486,129,0
p1487,401,0
p1488,139,0
p1489,107,0
p1490,697,0
p1491,287,0
p1492,122,0
p1493,317,0
p1494,381,0
p1495,467,0
p1496,216,0
p1497,459,299
p1498,540,0
p1499,160,0
p1500,336,0
p1501,398,0
p1502,364,0
p1503,1616,0
p1504,157,74
p1505,225,0
p1506,421,0
p1507,481,0
p1508,278,0
p1509,421,0
p1510,476,0
p1511,116,0
p1512,763,181
p1513,302,0
p1514,312,0
p1515,372,0
p1516,570,0
p1517,292,0
p1518,310,0
p1519,362,0
p1520,487,0
p1521,279,0
p1522,304,0
p1523,484,0
p1524,443,0
p1525,244,0
p1526,268,0
p1527,258,0
p1528,98,0
p1529,218,0
p1530,762,200
p1531,789,273
p1532,392,0
p1533,288,0
p1534,583,0
p1535,405,0
p1536,314,0
p1537,348,0
p1538,1090,349
p1539,92,0
p1540,384,0
p1541,208,0
p1542,169,0
p1543,425,0
p1544,1624,110
p1545,652,200
p1546,346,0
p1547,278,0
p1548,310,0
p1549,135,0
p1550,248,0
p1551,195,131
p1552,201,123
p1553,649,255
p1554,143,0
p1555,267,0
p1556,292,0
p1557,272,0
p1558,481,321
p1559,307,0
p1560,259,0
p1561,897,271
p1562,189,0
p1563,631,0
p1564,419,0
p1565,617,0
p1566,337,0
p1567,455,0
p1568,367,0
p1569,316,0
p1570,462,0
p1571,137,24
p1572,206,0
p1573,479,327
p1574,373,0
p1575,405,325
p1576,97,0
p1577,355,88
p1578,262,0
p1579,318,23
p1580,222,0
p1581,85,0
p1582,246,0
p1583,656,0
p1584,374,0
p1585,63,0
p1586,706,0
p1587,460,0
p1588,323,53
p1589,340,0
p1590,146,0
p1591,149,0
p1592,499,0
p1593,570,0
p1594,359,0
p1595,173,0
p1596,635,340
p1597,422,0
p1598,644,0
p1599,264,0
p1600,305,121
p1601,423,0
p1602,453,0
p1603,349,0
p1604,753,205
p1605,444,0
p1606,200,0
p1607,481,52
p1608,118,109
p1609,423,0
p1610,113,0
p1611,144,0
p1612,422,0
p1613,493,0
p1614,449,0
p1615,425,0
p1616,330,0
p1617,352,0
p1618,286,0
p1619,124,106
p1620,407,0
p1621,744,207
p1622,365,0
p1623,300,226
p1624,453,0
p1625,386,0
p1626,110,0
p1627,518,0
p1628,104,0
p1629,379,0
p1630,396,0
p1631,420,0
p1632,406,0
p1633,838,0
p1634,294,0
p1635,105,0
p1636,382,0
p1637,394,0
p1638,385,29
p1639,409,0
p1640,435,150
p1641,179,0
p1642,464,0
p1643,1107,0
p1644,331,0
p1645,570,0
p1646,353,0
p1647,486,0
p1648,393,0
p1649,63,0
p1650,212,0
p1651,410,0
p1652,157,25
p1653,531,0
p1654,320,208
p1655,130,0
p1656,99,0
p1657,421,84
p1658,93,0
p1659,114,0
p1660,487,0
p1661,128,0
p1662,586,0
p1663,315,0
p1664,270,0
p1665,77,0
p1666,125,0
p1667,533,181
p1668,456,0
p1669,105,0
p1670,267,0
p1671,248,106
p1672,162,0
p1673,274,0
p1674,258,0
p1675,210,0
p1676,453,24
p1677,374,111
p1678,444,0
p1679,205,0
p1680,455,0
p1681,793,0
p1682,512,0
p1683,426,164
p1684,240,0
p1685,506,27
p1686,316,180
p1687,300,24
p1688,169,0
p1689,434,155
p1690,127,0
p1691,282,0
p1692,319,0
p1693,446,0
p1694,248,0
p1695,483,0
p1696,198,0
p1697,244,0
p1698,838,0
p1699,505,0
p1700,216,0
p1701,648,0
p1702,106,0
p1703,230,0
p1704,113,102
p1705,276,0
p1706,245,0
p1707,217,0
p1708,338,0
p1709,185,114
p1710,242,0
p1711,615,0
p1712,212,25
p1713,314,0
p1714,198,0
p1715,131,0
p1716,67,0
p1717,362,0
p1718,79,0
p1719,497,0
p1720,664,0
p1721,629,0
p1722,277,0
p1723,239,0
p1724,207,0
p1725,148,0
p1726,155,0
p1727,105,0
p1728,70,0
p1729,121,0
p1730,356,0
p1731,53,0
p1732,291,27
p1733,254,0
p1734,173,0
p1735,226,0
p1736,131,0
p1737,218,0
p1738,88,0
p1739,464,0
p1740,279,0
p1741,210,0
p1742,208,0
p1743,195,0
p1744,266,176
p1745,482,0
p1746,209,0
p1747,254,0
p1748,108,0
p1749,237,0
p1750,146,0
p1751,214,0
p1752,96,0
p1753,274,187
p1754,65,0
p1755,299,0
p1756,285,25
p1757,430,0
p1758,244,174
p1759,135,0
p1760,504,337
p1761,223,0
p1762,150,0
p1763,158,0
p1764,175,0
p1765,373,44
p1766,210,0
p1767,279,27
p1768,96,0
p1769,120,0
p1770,51,0
p1771,245,0
p1772,92,0
p1773,112,0
p1774,185,0
p1775,221,0
p1776,517,0
p1777,272,0
p1778,78,0
p1779,638,0
p1780,81,0
p1781,222,26
p1782,420,274
p1783,222,0
p1784,228,0
p1785,246,0
p1786,302,0
p1787,315,51
p1788,246,0
p1789,315,0
p1790,146,55
p1791,54,0
p1792,76,0
p1793,302,80
p1794,288,0
p1795,283,0
p1796,203,0
p1797,300,0
p1798,72,0
p1799,603,0
p1800,370,0
p1801,241,0
p1802,280,0
p1803,84,0
p1804,240,0
p1805,551,286
p1806,280,0
p1807,330,205
p1808,127,0
p1809,216,0
p1810,467,36
p1811,162,0
p1812,402,0
p1813,453,0
p1814,69,46
p1815,299,181
p1816,245,0
p1817,539,0
p1818,262,0
p1819,67,0
p1820,78,0
p1821,123,0
p1822,123,0
p1823,81,0
p1824,50,0
p1825,77,0
p1826,281,0
p1827,129,0
p1828,513,116
p1829,216,0
p1830,287,0
p1831,97,0
p1832,324,160
p1833,285,0
p1834,89,0
p1835,204,0
p1836,399,0
p1837,125,0
p1838,479,0
p1839,284,25
p1840,166,0
p1841,432,317
p1842,253,0
p1843,101,0
p1844,67,0
p1845,376,0
p1846,313,0
p1847,153,0
p1848,508,0
p1849,135,0
p1850,134,0
p1851,155,0
p1852,621,0
p1853,274,0
p1854,287,0
p1855,411,319
p1856,256,0
p1857,257,0
p1858,253,0
p1859,327,0
p1860,219,0
p1861,71,0
p1862,632,404
p1863,971,201
p1864,216,0
p1865,395,49
p1866,341,120
p1867,212,189
p1868,153,99
p1869,72,0
p1870,121,0
p1871,217,0
p1872,228,50
p1873,377,0
p1874,161,0
p1875,356,0
p1876,120,0
p1877,473,332
p1878,82,0
p1879,446,0
p1880,72,0
p1881,393,0
p1882,418,0
p1883,494,0
p1884,112,82
p1885,94,0
p1886,336,0
p1887,351,0
p1888,253,31
p1889,511,0
p1890,238,133
p1891,300,0
p1892,480,0
p1893,466,0
p1894,155,96
p1895,260,0
p1896,464,0
p1897,92,0
p1898,332,0
p1899,437,282
p1900,869,0
p1901,332,0
p1902,458,0
p1903,222,0
p1904,224,0
p1905,66,0
p1906,73,0
p1907,127,0
p1908,137,0
p1909,139,0
p1910,122,0
p1911,90,0
p1912,440,0
p1913,289,0
p1914,433,0
p1915,146,0
p1916,410,270
p1917,333,0
p1918,156,0
p1919,846,41
p1920,272,0
p1921,234,0
p1922,339,0
p1923,89,0
p1924,242,0
p1925,128,0
p1926,129,0
p1927,47,0
p1928,275,0
p1929,364,0
p1930,86,79
p1931,874,0
p1932,152,0
p1933,125,0
p1934,800,0
p1935,941,0
p1936,362,0
p1937,385,0
p1938,529,380
p1939,574,0
p1940,446,0
p1941,133,0
p1942,125,0
p1943,127,0
p1944,137,0
p1945,261,0
p1946,159,0
p1947,326,0
p1948,73,0
p1949,150,0
p1950,389,243
p1951,193,0
p1952,306,0
p1953,327,77
p1954,264,0
p1955,266,0
p1956,236,30
p1957,392,0
p1958,168,0
p1959,61,0
p1960,309,0
p1961,543,0
p1962,186,0
p1963,239,0
p1964,284,0
p1965,451,0
p1966,250,0
p1967,552,301
p1968,124,0
p1969,583,368
p1970,438,0
p1971,284,0
p1972,266,0
p1973,289,0
p1974,255,0
p1975,290,0
p1976,419,0
p1977,419,0
p1978,119,0
p1979,104,0
p1980,124,0
p1981,78,0
p1982,125,0
p1983,129,0
p1984,134,0
p1985,129,0
p1986,123,0
p1987,575,0
p1988,112,0
p1989,99,0
p1990,286,47
p1991,135,0
p1992,421,308
p1993,461,0
p1994,283,0
p1995,269,0
p1996,101,70
p1997,61,0
p1998,427,112
p1999,280,0
p2000,81,0
p2001,149,0
p2002,471,0
p2003,620,0
p2004,138,0
p2005,309,0
p2006,265,0
p2007,239,0
p2008,299,0
p2009,57,0
p2010,235,0
p2011,306,0
p2012,240,0
p2013,430,0
p2014,194,0
p2015,984,220
p2016,321,0
p2017,93,0
p2018,216,0
p2019,964,0
p2020,77,0
p2021,64,0
p2022,65,0
p2023,63,0
p2024,74,0
p2025,126,0
p2026,122,0
p2027,194,0
p2028,389,0
p2029,210,0
p2030,336,68
p2031,496,21
p2032,93,0
p2033,189,0
p2034,377,236
p2035,252,0
p2036,110,0
p2037,341,118
p2038,296,67
p2039,264,0
p2040,433,269
p2041,497,0
p2042,276,0
p2043,407,0
p2044,288,0
p2045,336,0
p2046,83,55
p2047,455,0
p2048,77,0
p2049,125,0
p2050,127,0
p2051,82,0
p2052,126,0
p2053,77,0
p2054,131,0
p2055,91,0
p2056,65,0
p2057,123,0
p2058,142,0
p2059,139,0
p2060,80,0
p2061,116,0
p2062,435,0
p2063,317,180
p2064,372,0
p2065,653,439
p2066,202,0
p2067,133,48
p2068,521,0
p2069,490,0
p2070,138,0
p2071,206,116
p2072,373,0
p2073,271,0
p2074,209,0
p2075,272,0
p2076,193,138
p2077,158,0
p2078,367,0
p2079,293,0
p2080,254,0
p2081,378,0
p2082,520,0
p2083,896,0
p2084,259,0
p2085,365,0
p2086,684,0
p2087,278,0
p2088,569,0
p2089,763,0
p2090,63,0
p2091,70,0
p2092,72,0
p2093,118,0
p2094,131,0
p2095,69,0
p2096,137,0
p2097,283,164
p2098,529,0
p2099,216,0
p2100,878,0
p2101,231,0
p2102,134,0
p2103,129,0
p2104,138,0
p2105,116,0
p2106,74,0
p2107,364,0
p2108,574,179
p2109,93,0
p2110,39,0
p2111,249,0
p2112,179,0
p2113,304,0
p2114,225,0
p2115,293,0
p2116,220,0
p2117,359,233
p2118,389,0
p2119,437,0
p2120,96,0
p2121,75,51
p2122,163,0
p2123,373,0
p2124,77,0
p2125,293,0
p2126,156,0
p2127,202,54
p2128,135,0
p2129,399,0
p2130,441,27
p2131,310,0
p2132,438,0
p2133,243,0
p2134,25,0
p2135,407,0
p2136,266,0
p2137,350,0
p2138,110,0
p2139,283,0
p2140,342,0
p2141,233,0
p2142,243,0
p2143,487,0
p2144,135,0
p2145,926,0
p2146,315,0
p2147,436,0
p2148,243,0
p2149,125,0
p2150,174,0
p2151,440,0
p2152,140,0
p2153,109,60
p2154,778,0
p2155,148,0
p2156,495,0
p2157,771,0
p2158,277,0
p2159,107,86
p2160,672,0
p2161,120,0
p2162,347,164
p2163,544,339
p2164,156,0
p2165,446,0
p2166,451,0
p2167,117,0
p2168,534,320
p2169,66,0
p2170,179,0
p2171,165,0
p2172,447,106
p2173,337,0
p2174,794,0
p2175,71,0
p2176,458,0
p2177,340,27
p2178,621,0
p2179,226,0
p2180,254,0
p2181,404,43
p2182,423,329
p2183,402,25
p2184,344,0
p2185,525,0
p2186,199,0
p2187,338,0
p2188,107,21
p2189,317,0
p2190,136,0
p2191,123,0
p2192,57,0
p2193,130,0
p2194,122,0
p2195,234,176
p2196,204,0
p2197,84,0
p2198,366,0
p2199,427,286
p2200,156,0
p2201,100,0
p2202,295,0
p2203,188,0
p2204,250,0
p2205,417,335
p2206,266,170
p2207,568,0
p2208,252,0
p2209,118,0
p2210,128,0
p2211,308,217
p2212,595,0
p2213,281,0
p2214,377,264
p2215,402,37
p2216,1186,0
p2217,326,0
p2218,465,0
p2219,234,0
p2220,377,0
p2221,103,0
p2222,146,0
p2223,154,0
p2224,1505,0
p2225,431,351
p2226,533,0
p2227,196,0
p2228,180,0
p2229,356,0
p2230,144,0
p2231,244,0
p2232,203,0
p2233,118,0
p2234,89,0
p2235,122,90
p2236,279,0
p2237,139,59
p2238,98,28
p2239,158,0
p2240,105,0
p2241,142,0
p2242,151,0
p2243,527,0
p2244,1151,0
p2245,119,0
p2246,59,0
p2247,203,0
p2248,128,0
p2249,125,104
p2250,172,0
p2251,151,0
p2252,331,0
p2253,94,0
p2254,254,138
p2255,733,0
p2256,607,0
p2257,65,0
p2258,217,0
p2259,103,0
p2260,1201,0
p2261,151,0
p2262,88,74
p2263,226,117
p2264,501,57
p2265,355,0
p2266,126,48
p2267,45,0
p2268,292,213
p2269,476,0
p2270,289,26
p2271,265,0
p2272,295,102
p2273,258,0
p2274,589,0
p2275,272,0
p2276,111,0
p2277,306,0
p2278,64,0
p2279,267,171
p2280,248,0
p2281,723,0
p2282,148,0
p2283,134,0
p2284,529,0
p2285,191,0
p2286,294,0
p2287,374,0
p2288,109,0
p2289,259,0
p2290,272,162
p2291,296,0
p2292,179,0
p2293,336,0
p2294,143,0
p2295,92,0
p2296,517,0
p2297,560,0
p2298,471,0
p2299,326,0
p2300,184,0
p2301,300,84
p2302,244,0
p2303,665,0
p2304,261,0
p2305,252,0
p2306,158,0
p2307,284,0
p2308,563,0
p2309,519,0
p2310,135,99
p2311,156,0
p2312,375,47
p2313,313,0
p2314,223,0
p2315,431,0
p2316,150,101
p2317,610,0
p2318,1129,0
p2319,277,0
p2320,197,0
p2321,257,56
p2322,363,0
p2323,412,0
p2324,121,0
p2325,60,48
p2326,386,0
p2327,380,0
p2328,283,22
p2329,310,0
p2330,456,28
p2331,1652,0
p2332,318,0
p2333,260,0
p2334,436,0
p2335,104,0
p2336,219,0
p2337,314,65
p2338,134,0
p2339,180,0
p2340,393,0
p2341,584,23
p2342,501,0
p2343,213,0
p2344,468,312
p2345,507,29
p2346,247,26
p2347,598,0
p2348,576,0
p2349,252,0
p2350,320,0
p2351,205,29
p2352,541,173
p2353,267,0
p2354,194,0
p2355,192,0
p2356,775,0
p2357,612,47
p2358,272,152
p2359,208,0
p2360,239,0
p2361,272,187
p2362,227,0
p2363,491,0
p2364,152,0
p2365,214,0
p2366,414,307
p2367,181,0
p2368,83,0
p2369,409,30
p2370,280,0
p2371,56,0
p2372,338,0
p2373,193,0
p2374,343,25
p2375,257,137
p2376,220,27
p2377,155,0
p2378,193,0
p2379,741,0
p2380,123,0
p2381,110,0
p2382,748,0
p2383,121,0
p2384,386,0
p2385,307,28
p2386,196,0
p2387,264,181
p2388,259,0
p2389,350,0
p2390,546,0
p2391,128,0
p2392,3149,154
p2393,378,0
p2394,248,0
p2395,302,0
p2396,431,0
p2397,382,0
p2398,354,0
p2399,364,0
p2400,294,155
p2401,265,0
p2402,240,0
p2403,462,0
p2404,582,0
p2405,118,0
p2406,295,0
p2407,260,0
p2408,303,0
p2409,486,0
p2410,136,0
p2411,236,0
p2412,251,0
p2413,273,0
p2414,759,0
p2415,1321,0
p2416,111,0
p2417,115,0
p2418,955,0
p2419,576,0
p2420,91,0
p2421,397,0
p2422,90,0
p2423,378,0
p2424,364,0
p2425,467,0
p2426,422,318
p2427,1071,0
p2428,336,0
p2429,228,0
p2430,74,0
p2431,324,0
p2432,3061,0
p2433,415,0
p2434,477,0
p2435,2504,0
p2436,112,0
p2437,129,0
p2438,332,0
p2439,342,0
p2440,185,22
p2441,414,244
p2442,344,28
p2443,205,25
p2444,1388,54
p2445,228,0
p2446,293,0
p2447,200,0
p2448,686,0
p2449,171,0
p2450,140,0
p2451,397,0
p2452,296,0
p2453,829,0
p2454,412,24
p2455,290,0
p2456,365,0
p2457,66,0
p2458,113,0
p2459,409,0
p2460,442,0
p2461,1594,95
p2462,309,0
p2463,756,296
p2464,494,0
p2465,526,0
p2466,232,0
p2467,524,0
p2468,528,0
p2469,203,0
p2470,213,0
p2471,487,0
p2472,223,0
p2473,177,0
p2474,620,0
p2475,116,0
p2476,369,0
p2477,327,0
p2478,297,0
p2479,317,0
p2480,411,0
p2481,161,0
p2482,503,0
p2483,352,0
p2484,126,112
p2485,294,0
p2486,52,0
p2487,169,0
p2488,47,0
p2489,274,171
p2490,270,0
p2491,306,0
p2492,247,0
p2493,405,0
p2494,300,181
p2495,142,0
p2496,345,0
p2497,253,0
p2498,853,0
p2499,315,0
p2500,316,0
p2501,248,0
p2502,143,0
p2503,722,59
p2504,62,0
p2505,351,0
p2506,286,0
p2507,250,0
p2508,349,0
p2509,465,0
p2510,322,0
p2511,378,0
p2512,434,144
p2513,251,175
p2514,325,0
p2515,368,0
p2516,87,0
p2517,477,261
p2518,350,74
p2519,659,0
p2520,347,0
p2521,251,154
p2522,282,182
p2523,308,113
p2524,192,0
p2525,221,163
p2526,1009,0
p2527,400,0
p2528,329,0
p2529,76,0
p2530,148,0
p2531,136,0
p2532,380,0
p2533,127,0
p2534,659,0
p2535,336,0
p2536,552,0
p2537,221,0
p2538,218,159
p2539,257,0
p2540,316,0
p2541,655,0
p2542,487,0
p2543,111,0
p2544,193,0
p2545,102,0
p2546,337,0
p2547,207,0
p2548,242,0
p2549,261,0
p2550,119,0
p2551,209,26
p2552,163,65
p2553,344,0
p2554,251,0
p2555,239,0
p2556,482,0
p2557,166,0
p2558,239,0
p2559,273,0
p2560,174,110
p2561,255,0
p2562,188,0
p2563,344,0
p2564,88,0
p2565,372,30
p2566,351,0
p2567,607,0
p2568,210,0
p2569,440,0
p2570,313,0
p2571,440,0
p2572,62,0
p2573,430,0
p2574,260,0
p2575,723,0
p2576,446,65
p2577,398,0
p2578,143,0
p2579,257,154
p2580,247,0
p2581,264,0
p2582,296,0
p2583,173,20
p2584,155,0
p2585,151,0
p2586,279,25
p2587,519,0
p2588,477,19
p2589,401,0
p2590,292,203
p2591,137,0
p2592,404,0
p2593,268,0
p2594,69,0
p2595,428,338
p2596,82,0
p2597,332,0
p2598,472,0
p2599,292,0
p2600,207,0
p2601,194,0
p2602,301,0
p2603,649,330
p2604,254,0
p2605,4143,0
p2606,369,0
p2607,196,0
p2608,132,0
p2609,452,0
p2610,174,0
p2611,452,141
p2612,183,0
p2613,550,0
p2614,429,0
p2615,48,0
p2616,125,78
p2617,158,0
p2618,504,0
p2619,582,0
p2620,1394,0
p2621,488,0
p2622,294,76
p2623,251,0
p2624,53,0
p2625,267,0
p2626,579,146
p2627,441,0
p2628,521,0
p2629,240,0
p2630,213,0
p2631,108,0
p2632,240,0
p2633,53,0
p2634,272,0
p2635,413,0
p2636,163,20
p2637,71,0
p2638,124,78
p2639,455,26
p2640,401,55
p2641,243,0
p2642,106,73
p2643,96,0
p2644,128,0
p2645,455,0
p2646,152,0
p2647,186,0
p2648,592,0
p2649,172,54
p2650,414,0
p2651,367,0
p2652,238,0
p2653,194,0
p2654,737,0
p2655,367,0
p2656,320,0
p2657,68,0
p2658,371,0
p2659,134,0
p2660,308,0
p2661,139,0
p2662,178,26
p2663,394,0
p2664,173,0
p2665,228,0
p2666,319,113
p2667,226,0
p2668,220,0
p2669,490,0
p2670,580,0
p2671,411,178
p2672,349,0
p2673,198,0
p2674,319,0
p2675,471,0
p2676,100,0
p2677,114,0
p2678,213,0
p2679,117,0
p2680,327,0
p2681,107,0
p2682,182,0
p2683,177,0
p2684,205,0
p2685,396,29
p2686,453,0
p2687,494,335
p2688,228,0
p2689,67,24
p2690,80,0
p2691,218,0
p2692,46,0
p2693,200,0
p2694,371,0
p2695,321,0
p2696,126,0
p2697,356,0
p2698,1674,0
p2699,253,168
p2700,517,0
p2701,233,0
p2702,794,24
p2703,350,0
p2704,173,0
p2705,72,66
p2706,181,0
p2707,173,0
p2708,107,0
p2709,343,0
p2710,98,0
p2711,473,0
p2712,104,0
p2713,283,0
p2714,131,112
p2715,1725,24
p2716,250,0
p2717,304,0
p2718,210,0
p2719,239,0
p2720,1077,0
p2721,484,0
p2722,249,0
p2723,131,0
p2724,156,0
p2725,395,0
p2726,273,0
p2727,333,0
p2728,342,19
p2729,294,0
p2730,212,0
p2731,171,0
p2732,203,0
p2733,267,0
p2734,234,29
p2735,125,0
p2736,405,0
p2737,176,0
p2738,453,0
p2739,131,0
p2740,85,0
p2741,199,0
p2742,128,0
p2743,249,0
p2744,256,212
p2745,41,0
p2746,410,0
p2747,91,0
p2748,427,0
p2749,358,49
p2750,299,0
p2751,449,0
p2752,160,0
p2753,209,0
p2754,266,0
p2755,346,26
p2756,195,0
p2757,206,0
p2758,285,0
p2759,400,0
p2760,464,0
p2761,666,0
p2762,545,0
p2763,1481,0
p2764,294,0
p2765,196,0
p2766,124,0
p2767,154,0
p2768,262,0
p2769,265,0
p2770,344,0
p2771,287,50
p2772,209,0
p2773,55,0
p2774,95,0
p2775,361,0
p2776,158,0
p2777,111,0
p2778,255,0
p2779,1119,0
p2780,219,20
p2781,473,147
p2782,116,0
p2783,293,0
p2784,300,0
p2785,295,0
p2786,228,0
p2787,127,0
p2788,658,360
p2789,235,0
p2790,155,0
p2791,712,0
p2792,758,0
p2793,224,0
p2794,210,0
p2795,59,46
p2796,391,0
p2797,111,0
p2798,226,0
p2799,368,0
p2800,322,152
p2801,61,0
p2802,63,0
p2803,344,0
p2804,433,0
p2805,256,0
p2806,300,0
p2807,101,0
p2808,435,325
p2809,143,0
p2810,594,0
p2811,272,0
p2812,238,145
p2813,298,0
p2814,283,0
p2815,376,0
p2816,429,29
p2817,180,0
p2818,154,26
p2819,149,62
p2820,448,77
p2821,78,0
p2822,123,0
p2823,131,0
p2824,2103,0
p2825,408,150
p2826,526,0
p2827,95,0
p2828,338,237
p2829,175,0
p2830,457,0
p2831,489,0
p2832,163,0
p2833,100,0
p2834,519,0
p2835,332,0
p2836,102,0
p2837,389,234
p2838,45,0
p2839,205,26
p2840,22,22
p2841,316,0
p2842,447,0
p2843,219,0
p2844,385,28
p2845,193,0
p2846,140,49
p2847,556,27
p2848,100,0
p2849,574,0
p2850,183,25
p2851,52,0
p2852,352,175
p2853,516,0
p2854,213,0
p2855,145,0
p2856,161,0
p2857,472,0
p2858,416,0
p2859,203,0
p2860,299,0
p2861,315,0
p2862,55,0
p2863,91,0
p2864,319,0
p2865,161,0
p2866,496,0
p2867,145,0
p2868,275,0
p2869,249,0
p2870,53,0
p2871,196,0
p2872,254,98
p2873,361,0
p2874,89,0
p2875,534,0
p2876,273,0
p2877,241,0
p2878,311,0
p2879,168,0
p2880,251,0
p2881,267,0
p2882,290,0
p2883,444,193
p2884,413,0
p2885,328,0
p2886,135,0
p2887,450,0
p2888,141,0
p2889,97,58
p2890,264,143
p2891,362,0
p2892,238,45
p2893,158,0
p2894,311,0
p2895,267,0
p2896,163,0
p2897,479,153
p2898,193,0
p2899,202,0
p2900,161,0
p2901,129,0
p2902,279,0
p2903,691,30
p2904,763,0
p2905,314,116
p2906,535,0
p2907,270,198
p2908,123,48
p2909,404,0
p2910,162,0
p2911,135,0
p2912,80,24
p2913,77,0
p2914,521,258
p2915,205,0
p2916,275,175
p2917,521,0
p2918,168,0
p2919,503,0
p2920,121,0
p2921,281,158
p2922,191,0
p2923,462,187
p2924,189,58
p2925,460,0
p2926,211,48
p2927,166,0
p2928,157,28
p2929,158,107
p2930,236,46
p2931,432,0
p2932,388,0
p2933,195,0
p2934,208,24
p2935,155,0
p2936,141,0
p2937,847,0
p2938,146,0
p2939,210,0
p2940,392,0
p2941,169,0
p2942,210,0
p2943,83,0
p2944,86,53
p2945,295,0
p2946,317,0
p2947,73,0
p2948,507,335
p2949,131,68
p2950,142,0
p2951,186,0
p2952,187,0
p2953,159,0
p2954,36,0
p2955,274,0
p2956,479,0
p2957,3708,97
p2958,272,0
p2959,76,0
p2960,195,0
p2961,339,0
p2962,278,0
p2963,45,0
p2964,541,0
p2965,311,0
p2966,145,0
p2967,174,0
p2968,179,0
p2969,95,0
p2970,579,0
p2971,321,0
p2972,55,0
p2973,70,0
p2974,297,0
p2975,144,0
p2976,287,0
p2977,65,0
p2978,554,0
p2979,244,0
p2980,69,0
p2981,484,0
p2982,83,0
p2983,461,337
p2984,107,0
p2985,59,0
p2986,154,0
p2987,107,0
p2988,379,0
p2989,295,0
p2990,180,0
p2991,114,0
p2992,290,0
p2993,90,0
p2994,56,0
p2995,216,0
p2996,225,28
p2997,224,0
p2998,139,0
p2999,127,0
p3000,61,0
p3001,157,0
p3002,341,0
p3003,235,0
p3004,363,0
p3005,81,0
p3006,490,279
p3007,49,0
p3008,174,0
p3009,328,0
p3010,273,0
p3011,676,27
p3012,779,0
p3013,200,0
p3014,338,29
p3015,110,0
p3016,150,0
p3017,229,0
p3018,178,0
p3019,223,0
p3020,243,0
p3021,268,0
p3022,399,258
p3023,225,0
p3024,279,0
p3025,257,0
p3026,267,26
p3027,93,0
p3028,484,57
p3029,548,320
p3030,370,0
p3031,525,0
p3032,52,0
p3033,303,0
p3034,121,0
p3035,524,0
p3036,97,64
p3037,152,77
p3038,395,0
p3039,184,0
p3040,111,0
p3041,126,0
p3042,345,0
p3043,338,0
p3044,1160,0
p3045,443,193
p3046,520,0
p3047,349,0
p3048,310,0
p3049,121,0
p3050,265,26
p3051,403,0
p3052,62,0
p3053,508,25
p3054,121,30
p3055,233,0
p3056,278,0
p3057,261,0
p3058,258,132
p3059,539,0
p3060,483,265
p3061,166,0
p3062,212,0
p3063,305,0
p3064,348,0
p3065,60,0
p3066,186,0
p3067,502,0
p3068,364,0
p3069,202,0
p3070,136,89
p3071,431,110
p3072,261,0
p3073,148,0
p3074,204,0
p3075,19,0
p3076,342,67
p3077,181,0
p3078,96,0
p3079,123,0
p3080,230,186
p3081,139,0
p3082,201,0
p3083,358,0
p3084,169,54
p3085,542,0
p3086,150,29
p3087,234,0
p3088,229,0
p3089,308,0
p3090,294,0
p3091,376,28
p3092,478,296
p3093,420,0
p3094,337,0
p3095,382,0
p3096,100,0
p3097,524,0
p3098,146,0
p3099,334,0
p3100,82,0
p3101,302,0
p3102,37,0
p3103,228,0
p3104,446,0
p3105,202,0
p3106,443,0
p3107,114,0
p3108,194,0
p3109,274,21
p3110,548,286
p3111,402,0
p3112,109,30
p3113,91,0
p3114,138,56
p3115,227,0
p3116,72,0
p3117,64,0
p3118,393,0
p3119,190,61
p3120,360,0
p3121,274,0
p3122,49,0
p3123,276,0
p3124,257,182
p3125,340,0
p3126,309,0
p3127,522,24
p3128,415,0
p3129,507,0
p3130,76,0
p3131,60,0
p3132,177,134
p3133,552,26
p3134,209,0
p3135,294,0
p3136,199,0
p3137,585,0
p3138,296,47
p3139,461,0
p3140,177,29
p3141,183,0
p3142,138,107
p3143,393,0
p3144,248,165
p3145,126,0
p3146,256,26
p3147,487,333
p3148,389,47
p3149,248,25
p3150,284,0
p3151,293,242
p3152,74,0
p3153,283,0
p3154,526,0
p3155,1207,0
p3156,481,121
p3157,196,107
p3158,154,0
p3159,275,0
p3160,157,0
p3161,235,0
p3162,239,0
p3163,874,162
p3164,206,0
p3165,462,0
p3166,136,0
p3167,92,0
p3168,185,0
p3169,76,0
p3170,3292,0
p3171,252,25
p3172,149,0
p3173,521,89
p3174,92,0
p3175,150,0
p3176,568,301
p3177,205,0
p3178,286,0
p3179,554,0
p3180,538,0
p3181,50,0
p3182,287,167
p3183,199,0
p3184,74,0
p3185,221,153
p3186,254,0
p3187,326,0
p3188,55,0
p3189,333,0
p3190,228,44
p3191,316,224
p3192,205,0
p3193,278,0
p3194,595,0
p3195,387,0
p3196,591,225
p3197,99,0
p3198,268,0
p3199,79,0
p3200,198,0
p3201,357,261
p3202,121,0
p3203,133,0
p3204,127,0
p3205,308,0
p3206,91,0
p3207,397,0
p3208,272,0
p3209,405,0
p3210,216,0
p3211,271,0
p3212,237,0
p3213,110,0
p3214,163,0
p3215,401,0
p3216,147,0
p3217,95,54
p3218,365,0
p3219,186,0
p3220,413,0
p3221,449,0
p3222,102,52
p3223,160,0
p3224,216,144
p3225,112,0
p3226,459,0
p3227,824,0
p3228,253,0
p3229,254,0
p3230,407,0
p3231,137,24
p3232,273,0
p3233,441,0
p3234,791,0
p3235,140,0
p3236,438,0
p3237,426,0
p3238,1298,0
p3239,435,0
p3240,71,70
p3241,215,0
p3242,134,0
p3243,125,0
p3244,482,0
p3245,189,0
p3246,254,0
p3247,89,82
p3248,246,136
p3249,507,0
p3250,102,0
p3251,683,0
p3252,121,95
p3253,294,0
p3254,177,0
p3255,498,0
p3256,845,0
p3257,215,0
p3258,287,137
p3259,91,0
p3260,314,0
p3261,544,0
p3262,247,0
p3263,691,0
p3264,192,0
p3265,55,0
p3266,224,26
p3267,389,0
p3268,263,0
p3269,212,24
p3270,581,225
p3271,317,0
p3272,232,0
p3273,92,0
p3274,140,0
p3275,71,0
p3276,264,0
p3277,451,0
p3278,471,0
p3279,91,0
p3280,258,0
p3281,378,0
p3282,135,0
p3283,199,0
p3284,307,0
p3285,338,0
p3286,269,0
p3287,562,0
p3288,182,0
p3289,255,0
p3290,121,0
p3291,270,0
p3292,114,0
p3293,535,0
p3294,222,0
p3295,325,0
p3296,172,0
p3297,342,0
p3298,2196,0
p3299,330,0
p3300,60,0
p3301,463,0
p3302,212,26
p3303,168,0
p3304,441,298
p3305,979,79
p3306,339,0
p3307,105,0
p3308,237,0
p3309,185,0
p3310,262,53
p3311,96,0
p3312,220,0
p3313,380,0
p3314,83,0
p3315,152,18
p3316,223,0
p3317,504,0
p3318,351,0
p3319,472,0
p3320,78,0
p3321,353,0
p3322,131,0
p3323,202,0
p3324,124,0
p3325,188,0
p3326,308,0
p3327,110,0
p3328,163,0
p3329,540,27
p3330,151,0
p3331,55,0
p3332,539,0
p3333,369,0
p3334,231,0
p3335,209,0
p3336,118,0
p3337,1530,0
p3338,207,0
p3339,140,0
p3340,531,0
p3341,439,0
p3342,244,0
p3343,253,0
p3344,439,0
p3345,1040,389
p3346,70,0
p3347,57,27
p3348,280,0
p3349,221,79
p3350,47,0
p3351,86,45
p3352,169,0
p3353,150,0
p3354,457,0
p3355,52,0
p3356,369,0
p3357,74,0
p3358,216,0
p3359,102,0
p3360,91,0
p3361,102,55
p3362,568,254
p3363,720,0
p3364,183,61
p3365,67,0
p3366,300,0
p3367,198,64
p3368,1373,0
p3369,276,22
p3370,174,0
p3371,354,0
p3372,116,0
p3373,141,0
p3374,97,0
p3375,215,0
p3376,165,0
p3377,339,0
p3378,89,76
p3379,246,0
p3380,357,0
p3381,157,0
p3382,223,0
p3383,156,24
p3384,291,0
p3385,343,0
p3386,137,0
p3387,133,0
p3388,199,0
p3389,169,0
p3390,429,0
p3391,464,0
p3392,56,0
p3393,74,0
p3394,200,0
p3395,26,0
p3396,406,0
p3397,465,0
p3398,100,28
p3399,136,0
p3400,243,0
p3401,345,0
p3402,431,0
p3403,132,0
p3404,386,0
p3405,278,0
p3406,284,0
p3407,338,0
p3408,262,0
p3409,102,0
p3410,135,109
p3411,102,79
p3412,264,0
p3413,329,0
p3414,320,21
p3415,324,0
p3416,229,140
p3417,77,0
p3418,208,0
p3419,114,0
p3420,91,25
p3421,300,0
p3422,202,136
p3423,72,0
p3424,67,0
p3425,1057,378
p3426,534,0
p3427,209,0
p3428,96,0
p3429,152,115
p3430,267,46
p3431,278,0
p3432,346,0
p3433,378,0
p3434,107,0
p3435,316,168
p3436,376,0
p3437,115,0
p3438,126,0
p3439,65,0
p3440,346,0
p3441,467,0
p3442,201,0
p3443,555,0
p3444,432,0
p3445,143,0
p3446,136,27
p3447,136,57
p3448,1047,0
p3449,217,0
p3450,220,0
p3451,243,0
p3452,417,27
p3453,222,112
p3454,425,0
p3455,375,268
p3456,415,23
p3457,583,306
p3458,368,0
p3459,84,63
p3460,143,27
p3461,779,0
p3462,455,332
p3463,281,175
p3464,387,0
p3465,255,0
p3466,229,0
p3467,534,0
p3468,178,0
p3469,427,0
p3470,251,0
p3471,167,81
p3472,152,0
p3473,220,0
p3474,128,0
p3475,121,0
p3476,368,0
p3477,310,0
p3478,153,0
p3479,303,0
p3480,67,0
p3481,114,0
p3482,121,0
p3483,874,54
p3484,1453,0
p3485,603,0
p3486,495,0
p3487,155,0
p3488,406,0
p3489,54,0
p3490,69,0
p3491,386,0
p3492,397,0
p3493,494,0
p3494,93,77
p3495,385,0
p3496,1131,0
p3497,134,0
p3498,350,0
p3499,268,0
p3500,500,0
p3501,166,87
p3502,108,0
p3503,189,0
p3504,82,0
p3505,285,0
p3506,314,0
p3507,480,358
p3508,58,0
p3509,552,283
p3510,271,0
p3511,152,0
p3512,386,0
p3513,217,0
p3514,615,0
p3515,178,0
p3516,392,0
p3517,279,201
p3518,59,36
p3519,302,87
p3520,243,0
p3521,222,0
p3522,484,0
p3523,677,130
p3524,713,0
p3525,233,0
p3526,205,0
p3527,278,0
p3528,389,0
p3529,84,0
p3530,129,0
p3531,143,110
p3532,292,0
p3533,117,0
p3534,509,0
p3535,353,0
p3536,152,0
p3537,612,0
p3538,461,0
p3539,227,0
p3540,196,0
p3541,642,0
p3542,544,0
p3543,82,0
p3544,145,0
p3545,114,0
p3546,213,0
p3547,193,0
p3548,555,23
p3549,139,0
p3550,164,61
p3551,328,0
p3552,310,0
p3553,267,0
p3554,476,145
p3555,229,0
p3556,270,0
p3557,231,135
p3558,428,0
p3559,495,0
p3560,102,19
p3561,85,0
p3562,334,21
p3563,931,78
p3564,721,284
p3565,444,0
p3566,442,0
p3567,298,0
p3568,269,0
p3569,481,106
p3570,91,0
p3571,233,0
p3572,260,201
p3573,105,0
p3574,381,0
p3575,55,0
p3576,55,48
p3577,116,0
p3578,347,0
p3579,166,0
p3580,438,0
p3581,166,0
p3582,339,0
p3583,235,30
p3584,636,0
p3585,121,0
p3586,258,0
p3587,278,0
p3588,296,0
p3589,557,0
p3590,85,0
p3591,136,0
p3592,173,0
p3593,474,202
p3594,114,0
p3595,152,0
p3596,220,0
p3597,868,53
p3598,271,129
p3599,96,0
p3600,189,0
p3601,101,0
p3602,394,0
p3603,305,108
p3604,241,182
p3605,89,0
p3606,490,0
p3607,831,0
p3608,462,0
p3609,63,0
p3610,559,0
p3611,99,0
p3612,125,105
p3613,199,0
p3614,225,0
p3615,395,0
p3616,441,301
p3617,206,0
p3618,311,0
p3619,213,0
p3620,401,0
p3621,120,0
p3622,149,0
p3623,253,0
p3624,114,0
p3625,311,100
p3626,437,327
p3627,66,0
p3628,200,0
p3629,195,0
p3630,248,186
p3631,103,0
p3632,486,0
p3633,121,0
p3634,121,0
p3635,338,0
p3636,618,0
p3637,589,115
p3638,293,0
p3639,378,0
p3640,299,0
p3641,312,0
p3642,88,52
p3643,554,0
p3644,384,0
p3645,229,0
p3646,132,0
p3647,77,53
p3648,285,26
p3649,1531,189
p3650,49,0
p3651,131,0
p3652,174,50
p3653,188,0
p3654,128,55
p3655,20,0
p3656,528,0
p3657,242,0
p3658,366,0
p3659,277,0
p3660,323,0
p3661,348,0
p3662,34,0
p3663,96,0
p3664,120,0
p3665,191,0
p3666,351,52
p3667,178,86
p3668,206,0
p3669,176,22
p3670,117,77
p3671,223,0
p3672,131,0
p3673,206,27
p3674,81,0
p3675,293,0
p3676,234,0
p3677,382,0
p3678,77,0
p3679,372,0
p3680,382,0
p3681,200,0
p3682,242,0
p3683,256,0
p3684,249,0
p3685,201,26
p3686,237,0
p3687,845,0
p3688,296,0
p3689,209,0
p3690,322,0
p3691,357,0
p3692,385,0
p3693,355,0
p3694,122,0
p3695,431,0
p3696,276,0
p3697,201,0
p3698,514,0
p3699,155,0
p3700,256,0
p3701,262,0
p3702,201,0
p3703,157,0
p3704,121,0
p3705,267,0
p3706,220,0
p3707,787,423
p3708,126,20
p3709,361,0
p3710,271,26
p3711,137,123
p3712,158,0
p3713,133,100
p3714,638,0
p3715,150,0
p3716,154,0
p3717,40,0
p3718,141,108
p3719,466,0
p3720,249,0
p3721,267,0
p3722,125,108
p3723,95,0
p3724,349,24
p3725,298,0
p3726,332,0
p3727,188,0
p3728,221,0
p3729,302,209
p3730,268,0
p3731,802,0
p3732,153,50
p3733,454,0
p3734,428,266
p3735,199,0
p3736,467,234
p3737,426,307
p3738,118,79
p3739,497,0
p3740,296,0
p3741,413,27
p3742,248,0
p3743,494,0
p3744,179,0
p3745,847,304
p3746,347,77
p3747,68,0
p3748,298,125
p3749,248,0
p3750,156,0
p3751,183,142
p3752,207,0
p3753,130,0
p3754,291,0
p3755,409,266
p3756,164,60
p3757,631,0
p3758,432,0
p3759,87,0
p3760,281,0
p3761,153,26
p3762,211,51
p3763,144,0
p3764,185,0
p3765,163,0
p3766,230,154
p3767,403,0
p3768,259,0
p3769,381,0
p3770,288,0
p3771,110,49
p3772,67,0
p3773,288,0
p3774,210,0
p3775,996,0
p3776,945,0
p3777,320,0
p3778,479,0
p3779,230,20
p3780,352,288
p3781,479,0
p3782,256,0
p3783,361,0
p3784,37,0
p3785,403,0
p3786,343,0
p3787,119,23
p3788,532,0
p3789,121,26
p3790,66,0
p3791,159,0
p3792,451,0
p3793,346,0
p3794,335,28
p3795,104,0
p3796,246,141
p3797,129,0
p3798,243,0
p3799,206,0
p3800,635,0
p3801,128,0
p3802,63,0
p3803,568,171
p3804,60,0
p3805,147,0
p3806,203,0
p3807,169,0
p3808,254,0
p3809,467,0
p3810,93,0
p3811,279,0
p3812,181,0
p3813,356,0
p3814,167,55
p3815,375,0
p3816,108,0
p3817,399,20
p3818,211,0
p3819,313,0
p3820,210,0
p3821,1093,0
p3822,132,36
p3823,231,0
p3824,382,0
p3825,403,44
p3826,486,0
p3827,1005,0
p3828,265,0
p3829,115,77
p3830,120,0
p3831,249,0
p3832,103,24
p3833,484,278
p3834,173,0
p3835,278,0
p3836,78,0
p3837,138,96
p3838,462,66
p3839,580,60
p3840,84,0
p3841,163,0
p3842,258,95
p3843,244,0
p3844,193,0
p3845,86,0
p3846,230,0
p3847,159,0
p3848,659,484
p3849,665,0
p3850,292,0
p3851,277,0
p3852,520,26
p3853,706,0
p3854,138,0
p3855,126,0
p3856,540,0
p3857,241,0
p3858,452,0
p3859,1132,0
p3860,298,0
p3861,215,168
p3862,86,0
p3863,318,0
p3864,75,0
p3865,153,0
p3866,206,0
p3867,179,0
p3868,407,0
p3869,77,0
p3870,338,0
p3871,396,55
p3872,991,0
p3873,356,0
p3874,46,0
p3875,265,135
p3876,82,0
p3877,266,0
p3878,129,53
p3879,92,0
p3880,221,0
p3881,519,194
p3882,141,24
p3883,172,0
p3884,116,0
p3885,962,0
p3886,214,150
p3887,301,0
p3888,506,310
p3889,322,0
p3890,364,220
p3891,70,0
p3892,332,0
p3893,939,29
p3894,322,0
p3895,173,0
p3896,136,53
p3897,286,0
p3898,69,20
p3899,196,0
p3900,405,266
p3901,132,91
p3902,95,0
p3903,372,25
p3904,159,0
p3905,2118,47
p3906,421,0
p3907,601,0
p3908,256,0
p3909,263,172
p3910,572,0
p3911,478,0
p3912,100,0
p3913,334,152
p3914,276,105
p3915,189,0
p3916,201,111
p3917,530,0
p3918,127,0
p3919,115,106
p3920,90,0
p3921,402,0
p3922,267,26
p3923,175,0
p3924,469,322
p3925,374,0
p3926,123,0
p3927,353,0
p3928,407,0
p3929,133,102
p3930,167,0
p3931,376,0
p3932,292,0
p3933,314,44
p3934,238,0
p3935,380,0
p3936,236,25
p3937,148,0
p3938,210,0
p3939,219,0
p3940,346,0
p3941,295,174
p3942,205,0
p3943,187,158
p3944,138,0
p3945,754,0
p3946,268,0
p3947,272,0
p3948,242,0
p3949,260,0
p3950,373,0
p3951,554,0
p3952,208,0
p3953,223,0
p3954,145,0
p3955,677,292
p3956,451,0
p3957,26,0
p3958,553,0
p3959,377,0
p3960,280,0
p3961,768,0
p3962,101,52
p3963,404,219
p3964,227,110
p3965,214,0
p3966,481,0
p3967,447,0
p3968,397,25
p3969,155,0
p3970,231,0
p3971,116,0
p3972,189,0
p3973,363,0
p3974,171,0
p3975,132,0
p3976,138,50
p3977,108,0
p3978,327,0
p3979,264,0
p3980,187,0
p3981,72,48
p3982,340,32
p3983,322,0
p3984,123,0
p3985,80,0
p3986,142,0
p3987,270,0
p3988,279,0
p3989,309,0
p3990,155,0
p3991,586,0
p3992,407,0
p3993,127,0
